<?xml version="1.0" encoding="UTF-8"?>
<project-private xmlns="http://www.netbeans.org/ns/project-private/1">
    <editor-bookmarks xmlns="http://www.netbeans.org/ns/editor-bookmarks/2" lastBookmarkId="0"/>
    <open-files xmlns="http://www.netbeans.org/ns/projectui-open-files/2">
        <group>
            <file>file:/C:/Users/e.falco/Documents/NetBeansProjects/FinalCode/src/inout/Circolare.java</file>
            <file>file:/C:/Users/e.falco/Documents/NetBeansProjects/FinalCode/src/inout/Globale.java</file>
            <file>file:/C:/Users/e.falco/Documents/NetBeansProjects/FinalCode/src/inout/Data.java</file>
            <file>file:/C:/Users/e.falco/Documents/NetBeansProjects/FinalCode/src/inout/Inserimento.java</file>
            <file>file:/C:/Users/e.falco/Documents/NetBeansProjects/FinalCode/src/inout/Classe.java</file>
            <file>file:/C:/Users/e.falco/Documents/NetBeansProjects/FinalCode/src/inout/CSV.java</file>
            <file>file:/C:/Users/e.falco/Documents/NetBeansProjects/FinalCode/src/inout/Modifica.java</file>
            <file>file:/C:/Users/e.falco/Documents/NetBeansProjects/FinalCode/src/inout/Main.java</file>
            <file>file:/C:/Users/e.falco/Documents/NetBeansProjects/FinalCode/src/inout/CSV_Read.java</file>
            <file>file:/C:/Users/e.falco/Documents/NetBeansProjects/FinalCode/src/inout/Ricerca.java</file>
            <file>file:/C:/Users/e.falco/Documents/NetBeansProjects/FinalCode/src/inout/archivioCircolari.java</file>
        </group>
    </open-files>
</project-private>
